{
  "SINGLE_NOT_SECTIONAL_BUS|BT=0": {"loadKwh":100800.000000000010,"ensKwh":0.000000000000,"ensCat1Kwh":0.000000000000,"ensCat2Kwh":0.000000000000,"wreKwh":9432.312384093682,"wtToLoadKwh":48888.461347249584,"dgToLoadKwh":52354.196898205910,"btToLoadKwh":0.000000000000,"fuelLiters":43200.364053824920,"totalMotoHours":471,"failBus":0,"failDg":2,"failWt":0,"failBt":0,"failBrk":0,"failRoom":0,"repBt":0},
  "SINGLE_NOT_SECTIONAL_BUS|BT=300": {"loadKwh":100800.000000000010,"ensKwh":46.733803143624,"ensCat1Kwh":46.733803143623,"ensCat2Kwh":0.000000000000,"wreKwh":8976.342803160995,"wtToLoadKwh":48888.461347249584,"dgToLoadKwh":51268.023229940580,"btToLoadKwh":596.781619666169,"fuelLiters":27123.659991699707,"totalMotoHours":413,"failBus":0,"failDg":2,"failWt":0,"failBt":0,"failBrk":0,"failRoom":0,"repBt":0},
  "SINGLE_SECTIONAL_BUS|BT=0": {"loadKwh":100799.999999999990,"ensKwh":0.000000000000,"ensCat1Kwh":0.000000000000,"ensCat2Kwh":0.000000000000,"wreKwh":9432.312384093682,"wtToLoadKwh":48888.461347249580,"dgToLoadKwh":53287.425021105820,"btToLoadKwh":0.000000000000,"fuelLiters":58756.826299623644,"totalMotoHours":657,"failBus":0,"failDg":2,"failWt":0,"failBt":0,"failBrk":0,"failRoom":0,"repBt":0},
  "SINGLE_SECTIONAL_BUS|BT=300": {"loadKwh":100799.999999999990,"ensKwh":0.000000000000,"ensCat1Kwh":0.000000000000,"ensCat2Kwh":0.000000000000,"wreKwh":8378.466054526845,"wtToLoadKwh":48888.461347249580,"dgToLoadKwh":50556.761657322210,"btToLoadKwh":1354.776995428216,"fuelLiters":31983.330044213166,"totalMotoHours":410,"failBus":0,"failDg":2,"failWt":0,"failBt":0,"failBrk":0,"failRoom":0,"repBt":0},
  "DOUBLE_BUS|BT=0": {"loadKwh":100799.999999999990,"ensKwh":0.000000000000,"ensCat1Kwh":0.000000000000,"ensCat2Kwh":0.000000000000,"wreKwh":9432.312384093682,"wtToLoadKwh":48888.461347249580,"dgToLoadKwh":53287.425021105820,"btToLoadKwh":0.000000000000,"fuelLiters":58756.826299623644,"totalMotoHours":657,"failBus":0,"failDg":2,"failWt":0,"failBt":0,"failBrk":0,"failRoom":0,"repBt":0},
  "DOUBLE_BUS|BT=300": {"loadKwh":100799.999999999970,"ensKwh":0.000000000000,"ensCat1Kwh":0.000000000000,"ensCat2Kwh":0.000000000000,"wreKwh":8378.466054526845,"wtToLoadKwh":48888.461347249580,"dgToLoadKwh":50618.135871113290,"btToLoadKwh":1293.402781637135,"fuelLiters":27618.019470055760,"totalMotoHours":362,"failBus":0,"failDg":2,"failWt":0,"failBt":0,"failBrk":0,"failRoom":0,"repBt":0}
}
