{
  "SINGLE_NOT_SECTIONAL_BUS|BT=0": {"loadKwh":100800.000000000010,"ensKwh":0.000000000000,"ensCat1Kwh":0.000000000000,"ensCat2Kwh":0.000000000000,"wreKwh":9432.312384093682,"wtToLoadKwh":48888.461347249584,"dgToLoadKwh":52307.119356779156,"btToLoadKwh":0.000000000000,"fuelLiters":43147.219787172915,"totalMotoHours":471,"failBus":0,"failDg":2,"failWt":0,"failBt":0,"failBrk":0,"failRoom":0,"repBt":0},
  "SINGLE_NOT_SECTIONAL_BUS|BT=300": {"loadKwh":100800.000000000010,"ensKwh":5.011028383921,"ensCat1Kwh":5.011028383920,"ensCat2Kwh":0.000000000000,"wreKwh":9083.537878342277,"wtToLoadKwh":48888.461347249584,"dgToLoadKwh":51518.808770694166,"btToLoadKwh":666.661928711523,"fuelLiters":27105.361066407620,"totalMotoHours":428,"failBus":0,"failDg":2,"failWt":0,"failBt":0,"failBrk":0,"failRoom":0,"repBt":0},
  "SINGLE_SECTIONAL_BUS|BT=0": {"loadKwh":100799.999999999990,"ensKwh":0.000000000000,"ensCat1Kwh":0.000000000000,"ensCat2Kwh":0.000000000000,"wreKwh":9432.312384093682,"wtToLoadKwh":48888.461347249580,"dgToLoadKwh":53515.306913434590,"btToLoadKwh":0.000000000000,"fuelLiters":58693.366717428806,"totalMotoHours":657,"failBus":0,"failDg":2,"failWt":0,"failBt":0,"failBrk":0,"failRoom":0,"repBt":0},
  "SINGLE_SECTIONAL_BUS|BT=300": {"loadKwh":100799.999999999990,"ensKwh":0.000000000000,"ensCat1Kwh":0.000000000000,"ensCat2Kwh":0.000000000000,"wreKwh":8378.466054526845,"wtToLoadKwh":48888.461347249580,"dgToLoadKwh":50556.761657322210,"btToLoadKwh":1354.776995428216,"fuelLiters":31983.330044213166,"totalMotoHours":410,"failBus":0,"failDg":2,"failWt":0,"failBt":0,"failBrk":0,"failRoom":0,"repBt":0},
  "DOUBLE_BUS|BT=0": {"loadKwh":100799.999999999990,"ensKwh":0.000000000000,"ensCat1Kwh":0.000000000000,"ensCat2Kwh":0.000000000000,"wreKwh":9432.312384093682,"wtToLoadKwh":48888.461347249580,"dgToLoadKwh":53515.306913434590,"btToLoadKwh":0.000000000000,"fuelLiters":58693.366717428806,"totalMotoHours":657,"failBus":0,"failDg":2,"failWt":0,"failBt":0,"failBrk":0,"failRoom":0,"repBt":0},
  "DOUBLE_BUS|BT=300": {"loadKwh":100799.999999999970,"ensKwh":0.000000000000,"ensCat1Kwh":0.000000000000,"ensCat2Kwh":0.000000000000,"wreKwh":8378.466054526845,"wtToLoadKwh":48888.461347249580,"dgToLoadKwh":50618.135871113290,"btToLoadKwh":1293.402781637135,"fuelLiters":27618.019470055760,"totalMotoHours":362,"failBus":0,"failDg":2,"failWt":0,"failBt":0,"failBrk":0,"failRoom":0,"repBt":0}
}
